nom,dateInterv,pcInterv
Jorlive Missilou,2023-01-01,104
Alexandre Pp,2023-02-15,72
Philippe Kim,2023-03-10,38
Hugo Thieb,2023-04-02,91
Jorlive Missilou,2023-05-20,19
Alexandre Pp,2023-06-18,56
Philippe Kim,2023-07-05,73
Hugo Thieb,2023-08-22,108
Jorlive Missilou,2023-09-12,94
Alexandre Pp,2023-10-07,67
Philippe Kim,2023-11-30,22
Hugo Thieb,2023-12-25,39
Jorlive Missilou,2024-01-18,85
Alexandre Pp,2024-02-10,43
Philippe Kim,2024-03-06,74
Hugo Thieb,2024-04-09,28
Jorlive Missilou,2024-05-14,61
Alexandre Pp,2024-06-22,95
Philippe Kim,2024-07-30,40
Hugo Thieb,2024-08-21,87
Jorlive Missilou,2024-09-12,63
Alexandre Pp,2024-10-07,98
Philippe Kim,2024-11-30,41
Hugo Thieb,2024-12-25,75
Jorlive Missilou,2025-01-18,106
Alexandre Pp,2025-02-10,84
Philippe Kim,2025-03-06,46
Hugo Thieb,2025-04-09,103
Jorlive Missilou,2025-05-14,82
Alexandre Pp,2025-06-22,57
Philippe Kim,2025-07-30,88
Hugo Thieb,2025-08-21,65
Jorlive Missilou,2025-09-12,109
Alexandre Pp,2025-10-07,71
Philippe Kim,2025-11-30,31
Hugo Thieb,2025-12-25,93
Jorlive Missilou,2026-01-18,96
Alexandre Pp,2026-02-10,60
Philippe Kim,2026-03-06,97
Hugo Thieb,2026-04-09,64
Jorlive Missilou,2026-05-14,101
Alexandre Pp,2026-06-22,78
Philippe Kim,2026-07-30,54
Hugo Thieb,2026-08-21,86
Jorlive Missilou,2026-09-12,107
Alexandre Pp,2026-10-07,68
Philippe Kim,2026-11-30,30
Hugo Thieb,2026-12-25,92
Jorlive Missilou,2027-01-18,105
Alexandre Pp,2027-02-10,77
Philippe Kim,2027-03-06,53
Hugo Thieb,2027-04-09,85
Jorlive Missilou,2027-05-14,110
Alexandre Pp,2027-06-22,79
Philippe Kim,2027-07-30,55
Hugo Thieb,2027-08-21,91
Jorlive Missilou,2027-09-12,108
Alexandre Pp,2027-10-07,76
Philippe Kim,2027-11-30,52
Hugo Thieb,2027-12-25,89
Jorlive Missilou,2028-01-18,103
Alexandre Pp,2028-02-10,74
Philippe Kim,2028-03-06,50
Hugo Thieb,2028-04-09,88
Jorlive Missilou,2028-05-14,102
Alexandre Pp,2028-06-22,80
Philippe Kim,2028-07-30,56
Hugo Thieb,2028-08-21,90
Jorlive Missilou,2028-09-12,104
Alexandre Pp,2028-10-07,73
Philippe Kim,2028-11-30,51
Hugo Thieb,2028-12-25,87
Jorlive Missilou,2029-01-18,101
Alexandre Pp,2029-02-10,75
Philippe Kim,2029-03-06,49
Hugo Thieb,2029-04-09,86
Jorlive Missilou,2029-05-14,100
Alexandre Pp,2029-06-22,81
Philippe Kim,2029-07-30,57
Hugo Thieb,2029-08-21,94
Jorlive Missilou,2029-09-12,109
Alexandre Pp,2029-10-07,72
Philippe Kim,2029-11-30,48
Hugo Thieb,2029-12-25,83
